{
  "version": "v11-knn-correct",
  "n_features": 23,
  "de_auroc_mean": 0.5393694514685767,
  "dir_auroc_mean": 0.8030458162174179,
  "combined": 0.6712076338429973
}